{
  "num_trials": 20,
  "stabilization_time_s": 2.0,
  "low_to_high_avg_ms": 26.662588119506836,
  "low_to_high_median_ms": 22.708892822265625,
  "low_to_high_std_ms": 8.977422054072823,
  "low_to_high_min_ms": 19.49763298034668,
  "low_to_high_max_ms": 54.552555084228516,
  "low_to_high_p95_ms": 44.46865320205689,
  "high_to_low_avg_ms": 23.874902725219727,
  "high_to_low_median_ms": 23.014187812805176,
  "high_to_low_std_ms": 2.313885576027711,
  "high_to_low_min_ms": 20.656108856201172,
  "high_to_low_max_ms": 31.692981719970703,
  "high_to_low_p95_ms": 26.56258344650269,
  "avg_switch_time_ms": 25.26874542236328,
  "low_to_high_times_ms": [
    27.913808822631836,
    21.753549575805664,
    23.58722686767578,
    21.837711334228516,
    21.784067153930664,
    43.93792152404785,
    22.533416748046875,
    23.576021194458008,
    22.718191146850586,
    24.349212646484375,
    38.28239440917969,
    21.15035057067871,
    22.161006927490234,
    35.56060791015625,
    22.699594497680664,
    21.682024002075195,
    54.552555084228516,
    19.49763298034668,
    22.98760414123535,
    20.686864852905273
  ],
  "high_to_low_times_ms": [
    22.654294967651367,
    22.980213165283203,
    22.87602424621582,
    22.218704223632812,
    23.01335334777832,
    24.06167984008789,
    24.168968200683594,
    20.656108856201172,
    24.44911003112793,
    20.700931549072266,
    25.5277156829834,
    22.495031356811523,
    23.01502227783203,
    26.29256248474121,
    31.692981719970703,
    22.952556610107422,
    24.736404418945312,
    26.03435516357422,
    23.996353149414062,
    22.975683212280273
  ]
}